module_path,directory,vscode_only,parity_exempt,engine_gap,core_has,match_kind,vscode_imports_vscode,test_count,core_match
ActiveInstanceGuard.ts,(root),false,false,false,true,exact,false,0,ActiveInstanceGuard.ts
AdaptiveHITLPolicy.ts,(root),false,false,false,true,exact,false,0,AdaptiveHITLPolicy.ts
AdrContextLoader.ts,(root),false,false,false,true,exact,false,0,AdrContextLoader.ts
AdrPersistence.ts,(root),false,false,false,true,exact,false,0,AdrPersistence.ts
AdrStore.ts,(root),false,false,false,true,exact,false,0,AdrStore.ts
AgentSpecializationRouter.ts,(root),false,false,false,true,exact,false,0,AgentSpecializationRouter.ts
ApplyGenerationMetadata.ts,(root),false,false,false,true,exact,false,0,ApplyGenerationMetadata.ts
ApproveDecisionGate.ts,(root),false,false,false,true,exact,false,0,ApproveDecisionGate.ts
ArtifactLifecycleManager.ts,(root),false,false,false,true,exact,false,0,ArtifactLifecycleManager.ts
ArtifactTypes.ts,(root),false,false,false,true,exact,false,0,ArtifactTypes.ts
ArtifactUiHints.ts,(root),false,false,false,true,exact,false,0,ArtifactUiHints.ts
BackendMessageEnrichment.ts,(root),false,false,false,true,exact,false,0,BackendMessageEnrichment.ts
BuiltinQualityGates.ts,(root),false,false,false,true,exact,false,0,BuiltinQualityGates.ts
CodeRunnerCommandLint.ts,(root),false,false,false,true,exact,false,0,CodeRunnerCommandLint.ts
CodeRunnerImportLint.ts,(root),false,false,false,true,exact,false,0,CodeRunnerImportLint.ts
CodeRunnerInvokeHelpers.ts,(root),false,false,false,true,exact,false,0,CodeRunnerInvokeHelpers.ts
CodebaseContextLimits.ts,(root),false,false,false,true,exact,false,0,CodebaseContextLimits.ts
CodebaseContextLoader.ts,(root),false,false,false,true,exact,false,0,CodebaseContextLoader.ts
CodebaseContextProvider.ts,(root),false,false,false,true,exact,false,0,CodebaseContextProvider.ts
ConfidenceBands.ts,(root),false,false,false,true,exact,false,0,ConfidenceBands.ts
ConfidenceScorer.ts,(root),false,false,false,true,exact,false,0,ConfidenceScorer.ts
ConfigContractLint.ts,(root),false,false,false,true,exact,false,0,ConfigContractLint.ts
CrossFileKeyContractLint.ts,(root),false,false,false,true,exact,false,0,CrossFileKeyContractLint.ts
DebugFeedbackLoopGate.ts,(root),false,false,false,true,exact,false,0,DebugFeedbackLoopGate.ts
DebugLogEvents.ts,(root),false,false,false,true,exact,false,0,DebugLogEvents.ts
DebugLogUtils.ts,(root),false,false,false,true,exact,false,0,DebugLogUtils.ts
DecisionContentLintPolicy.ts,(root),false,false,false,true,exact,false,0,DecisionContentLintPolicy.ts
DecisionRecordVerify.ts,(root),false,false,false,true,exact,false,0,DecisionRecordVerify.ts
DecisionReviewUi.ts,(root),false,false,false,true,exact,false,0,DecisionReviewUi.ts
DependencyGraphAnalyzer.ts,(root),false,false,false,true,exact,false,0,DependencyGraphAnalyzer.ts
EffectiveSettings.ts,(root),false,false,false,true,exact,false,0,EffectiveSettings.ts
EngineDiagnosticsOps.ts,(root),false,false,false,true,exact,true,0,EngineDiagnosticsOps.ts
EngineExecutionRunner.ts,(root),false,false,false,true,exact,true,0,EngineExecutionRunner.ts
EngineHostFactoryBuilder.ts,(root),false,false,false,true,exact,true,0,EngineHostFactoryBuilder.ts
ErrorTypeUtils.ts,(root),false,false,false,true,exact,false,0,ErrorTypeUtils.ts
ExperienceGeneratorContext.ts,(root),false,false,false,true,exact,false,0,ExperienceGeneratorContext.ts
ExperienceLoader.ts,(root),false,false,false,true,exact,false,0,ExperienceLoader.ts
ExtensionCommands.ts,(root),true,true,false,false,missing,true,0,
ExtensionSettingsBootstrap.ts,(root),true,true,false,false,missing,true,0,
FailurePatternAnalyzer.ts,(root),false,false,false,true,exact,false,0,FailurePatternAnalyzer.ts
FsAsync.ts,(root),false,false,false,true,exact,false,0,FsAsync.ts
GeneratedWorkflowGate.ts,(root),false,false,false,true,exact,false,0,GeneratedWorkflowGate.ts
GlobalDecisionContext.ts,(root),false,false,false,true,exact,false,0,GlobalDecisionContext.ts
GrillAdaptiveFlow.ts,(root),false,false,false,true,exact,false,0,GrillAdaptiveFlow.ts
GrillCodeExplore.ts,(root),true,true,false,false,missing,false,0,
GrillLoopPolicy.ts,(root),false,false,false,true,exact,false,0,GrillLoopPolicy.ts
HITLContractNodePolicy.ts,(root),false,false,false,true,exact,false,0,HITLContractNodePolicy.ts
ImplOutputExecution.ts,(root),false,false,false,true,exact,false,0,ImplOutputExecution.ts
ImplOutputGuard.ts,(root),false,false,false,true,exact,false,0,ImplOutputGuard.ts
ImportExtract.ts,(root),false,false,false,true,exact,false,0,ImportExtract.ts
ImportPathResolve.ts,(root),false,false,false,true,exact,false,0,ImportPathResolve.ts
InputContextBudgetPriorities.ts,(root),false,false,false,true,exact,false,0,InputContextBudgetPriorities.ts
InputContextPolicy.ts,(root),false,false,false,true,exact,false,0,InputContextPolicy.ts
InputDegradeThresholds.ts,(root),false,false,false,true,exact,false,0,InputDegradeThresholds.ts
InputSourceStrategies.ts,(root),false,false,false,true,exact,false,0,InputSourceStrategies.ts
InputTokenBudgets.ts,(root),false,false,false,true,exact,false,0,InputTokenBudgets.ts
InputTruncationPolicy.ts,(root),false,false,false,true,exact,false,0,InputTruncationPolicy.ts
InstanceSession.ts,(root),false,false,false,true,exact,false,0,InstanceSession.ts
JsonExtract.ts,(root),false,false,false,true,exact,false,0,JsonExtract.ts
KeyNameMatching.ts,(root),false,false,false,true,exact,false,0,KeyNameMatching.ts
KickoffFirstStage.ts,(root),false,false,false,true,exact,true,0,KickoffFirstStage.ts
LlmClient.ts,(root),false,false,false,true,exact,true,0,LlmClient.ts
LlmInvokeHelpers.ts,(root),false,false,false,true,exact,true,0,LlmInvokeHelpers.ts
LlmParseRetryLoop.ts,(root),false,false,false,true,exact,false,0,LlmParseRetryLoop.ts
LogPreviewLimits.ts,(root),false,false,false,true,exact,false,0,LogPreviewLimits.ts
ManualRetryLimit.ts,(root),false,false,false,true,exact,false,0,ManualRetryLimit.ts
MetricsCollector.ts,(root),true,true,false,false,missing,false,0,
ModuleDepthScorer.ts,(root),false,false,false,true,exact,false,0,ModuleDepthScorer.ts
NonLlmToolRunnerRegistry.ts,(root),false,false,false,true,exact,false,0,NonLlmToolRunnerRegistry.ts
OpenAiCompatibleLlm.ts,(root),true,true,false,false,missing,true,0,
OutputQualityScorer.ts,(root),false,false,false,true,exact,false,0,OutputQualityScorer.ts
PatchApplyOps.ts,(root),false,false,false,true,exact,false,0,PatchApplyOps.ts
PathHostDeps.ts,(root),false,false,false,true,exact,false,0,PathHostDeps.ts
PathResolverOps.ts,(root),false,false,false,true,exact,false,0,PathResolverOps.ts
PlanCompletenessGate.ts,(root),false,false,false,true,exact,false,0,PlanCompletenessGate.ts
PostParseValidationPipeline.ts,(root),false,false,false,true,exact,false,0,PostParseValidationPipeline.ts
PreGateRegistry.ts,(root),false,false,false,true,exact,false,0,PreGateRegistry.ts
PriorFailurePatternResolver.ts,(root),false,false,false,true,exact,false,0,PriorFailurePatternResolver.ts
ProjectGlossaryStore.ts,(root),false,false,false,true,exact,false,0,ProjectGlossaryStore.ts
PromptSlotLoader.ts,(root),false,false,false,true,exact,false,0,PromptSlotLoader.ts
PromptVersionManager.ts,(root),false,false,false,true,exact,false,0,PromptVersionManager.ts
PrototypeContractLint.ts,(root),false,false,false,true,exact,false,0,PrototypeContractLint.ts
PypiSymbolHints.ts,(root),false,false,false,true,exact,false,0,PypiSymbolHints.ts
QualityGate.ts,(root),false,false,false,true,exact,false,0,QualityGate.ts
QualityGateContrib.ts,(root),false,false,false,true,exact,false,0,QualityGateContrib.ts
QualityGateIds.ts,(root),false,false,false,true,exact,false,0,QualityGateIds.ts
QualityGateRunner.ts,(root),false,false,false,true,exact,false,0,QualityGateRunner.ts
QuestionAfterFlow.ts,(root),false,false,false,true,exact,false,0,QuestionAfterFlow.ts
QuestionBeforeFlow.ts,(root),false,false,false,true,exact,false,0,QuestionBeforeFlow.ts
QuestionNormalization.ts,(root),false,false,false,true,exact,false,0,QuestionNormalization.ts
RedGreenCrossSlice.ts,(root),false,false,false,true,exact,false,0,RedGreenCrossSlice.ts
RedGreenFsm.ts,(root),false,false,false,true,exact,false,0,RedGreenFsm.ts
RedGreenGate.ts,(root),false,false,false,true,exact,false,0,RedGreenGate.ts
RequirementsTxtNormalize.ts,(root),false,false,false,true,exact,false,0,RequirementsTxtNormalize.ts
RequirementsTxtPreflight.ts,(root),false,false,false,true,exact,false,0,RequirementsTxtPreflight.ts
RetryOutputPolicy.ts,(root),false,false,false,true,exact,false,0,RetryOutputPolicy.ts
ReuseStrategy.ts,(root),false,false,false,true,exact,false,0,ReuseStrategy.ts
Rule20RuntimeGate.ts,(root),false,false,false,true,exact,false,0,Rule20RuntimeGate.ts
Rule20Verify.ts,(root),false,false,false,true,exact,false,0,Rule20Verify.ts
Rule20WarningDisplay.ts,(root),false,false,false,true,exact,false,0,Rule20WarningDisplay.ts
RuntimeBootstrap.ts,(root),false,false,false,true,exact,true,0,RuntimeBootstrap.ts
SampleHeaderContractLint.ts,(root),false,false,false,true,exact,false,0,SampleHeaderContractLint.ts
SandboxExecutor.ts,(root),false,false,false,true,exact,false,0,SandboxExecutor.ts
SdkPathContractLint.ts,(root),false,false,false,true,exact,false,0,SdkPathContractLint.ts
SessionDebugLog.ts,(root),false,false,false,true,exact,false,0,SessionDebugLog.ts
SessionLogEvents.ts,(root),true,true,false,false,missing,false,0,
SseDeltaStream.ts,(root),false,false,false,true,exact,false,0,SseDeltaStream.ts
StageCodeRunnerService.ts,(root),false,false,false,true,exact,true,0,StageCodeRunnerService.ts
StageConstraintValidator.ts,(root),false,false,false,true,exact,false,0,StageConstraintValidator.ts
StageErrorCatalog.ts,(root),false,false,false,true,exact,false,0,StageErrorCatalog.ts
StageExecutionHost.ts,(root),false,false,false,true,exact,true,0,StageExecutionHost.ts
StageIdPrefix.ts,(root),false,false,false,true,exact,false,0,StageIdPrefix.ts
StageInputResolutionService.ts,(root),false,false,false,true,exact,true,0,StageInputResolutionService.ts
StageLintDelegate.ts,(root),false,false,false,true,exact,false,0,StageLintDelegate.ts
StageLlmDelegate.ts,(root),false,false,false,true,exact,true,0,StageLlmDelegate.ts
StageMessagingDelegate.ts,(root),false,false,false,true,exact,true,0,StageMessagingDelegate.ts
StagePathDelegate.ts,(root),false,false,false,true,exact,false,0,StagePathDelegate.ts
StagentAiControlsProvider.ts,(root),true,true,false,false,missing,true,0,
StagentOnboarding.ts,(root),true,true,false,false,missing,true,0,
StagentProfileDiff.ts,(root),false,false,false,true,exact,true,0,StagentProfileDiff.ts
StagentProfileHighlights.ts,(root),true,true,false,false,missing,false,0,
StagentSettings.ts,(root),false,false,false,true,exact,false,0,StagentSettings.ts
StagentSettingsCatalog.ts,(root),true,true,false,false,missing,false,0,
StagentSettingsDefaults.ts,(root),false,false,false,true,exact,false,0,StagentSettingsDefaults.ts
StagentSettingsGovernance.ts,(root),true,true,false,false,missing,false,0,
StagentSettingsProfiles.ts,(root),false,false,false,true,exact,false,0,StagentSettingsProfiles.ts
StagentSettingsValidation.ts,(root),true,true,false,false,missing,true,0,
StagentSidebarBootstrap.ts,(root),true,true,false,false,missing,true,0,
StagentTaskListProvider.ts,(root),true,true,false,false,missing,true,0,
StartPreconditions.ts,(root),false,false,false,true,exact,true,0,StartPreconditions.ts
StaticAnalysisPipeline.ts,(root),false,false,false,true,exact,false,0,StaticAnalysisPipeline.ts
StreamingSummary.ts,(root),false,false,false,true,exact,false,0,StreamingSummary.ts
StructuralValidator.ts,(root),false,false,false,true,exact,false,0,StructuralValidator.ts
TaskPolishPrompt.ts,(root),false,false,false,true,exact,false,0,TaskPolishPrompt.ts
TaskTypeResolution.ts,(root),false,false,false,true,exact,false,0,TaskTypeResolution.ts
TddSliceScope.ts,(root),false,false,false,true,exact,false,0,TddSliceScope.ts
TddStackMatch.ts,(root),false,false,false,true,exact,false,0,TddStackMatch.ts
TestQualityLint.ts,(root),false,false,false,true,exact,false,0,TestQualityLint.ts
TestRunAutoDepsInstall.ts,(root),false,false,false,true,exact,false,0,TestRunAutoDepsInstall.ts
TestRunCommandNormalize.ts,(root),false,false,false,true,exact,false,0,TestRunCommandNormalize.ts
TestRunFailurePlaybook.ts,(root),false,false,false,true,exact,false,0,TestRunFailurePlaybook.ts
TestRunPreflight.ts,(root),false,false,false,true,exact,false,0,TestRunPreflight.ts
TimeConstants.ts,(root),false,false,false,true,exact,false,0,TimeConstants.ts
UiListLimits.ts,(root),false,false,false,true,exact,false,0,UiListLimits.ts
ValidationResultRouter.ts,(root),false,false,false,true,exact,true,0,ValidationResultRouter.ts
WebviewConfirmPlanUi.ts,(root),false,false,false,true,exact,false,0,WebviewConfirmPlanUi.ts
WebviewCsp.ts,(root),true,true,false,false,missing,true,0,
WebviewInputGenerationUi.ts,(root),false,false,false,true,exact,false,0,WebviewInputGenerationUi.ts
WebviewInputGenerationUiHost.ts,(root),false,false,false,true,exact,false,0,WebviewInputGenerationUiHost.ts
WebviewMessageGuards.ts,(root),true,true,false,false,missing,false,0,
WebviewPanel.ts,(root),false,false,false,true,exact,true,0,WebviewPanel.ts
WebviewPauseUiState.ts,(root),false,false,false,true,exact,false,0,WebviewPauseUiState.ts
WebviewScript.ts,(root),false,false,false,true,exact,false,0,WebviewScript.ts
WebviewStyles.ts,(root),false,false,false,true,exact,false,0,WebviewStyles.ts
WebviewTemplateLoader.ts,(root),true,true,false,false,missing,false,0,
WebviewUiState.ts,(root),false,false,false,true,exact,false,0,WebviewUiState.ts
WorkflowArtifactRegistry.ts,(root),false,false,false,true,exact,false,0,WorkflowArtifactRegistry.ts
WorkflowArtifactUi.ts,(root),false,false,false,true,exact,true,0,WorkflowArtifactUi.ts
WorkflowCodeRunnerHost.ts,(root),false,false,false,true,exact,true,0,WorkflowCodeRunnerHost.ts
WorkflowComplexityEstimator.ts,(root),false,false,false,true,exact,false,0,WorkflowComplexityEstimator.ts
WorkflowDag.ts,(root),false,false,false,true,exact,false,0,WorkflowDag.ts
WorkflowDagGraph.ts,(root),false,false,false,true,exact,false,0,WorkflowDagGraph.ts
WorkflowDefinition.ts,(root),false,false,false,true,exact,false,0,WorkflowDefinition.ts
WorkflowDeletePlan.ts,(root),false,false,false,true,exact,false,0,WorkflowDeletePlan.ts
WorkflowDiskBootstrap.ts,(root),false,false,false,true,exact,false,0,WorkflowDiskBootstrap.ts
WorkflowDraftShell.ts,(root),false,false,false,true,exact,false,0,WorkflowDraftShell.ts
WorkflowEngine.ts,(root),false,false,false,true,exact,true,0,WorkflowEngine.ts
WorkflowEngineArtifactBridge.ts,(root),false,false,false,true,exact,false,0,WorkflowEngineArtifactBridge.ts
WorkflowEngineContinuation.ts,(root),false,false,false,true,exact,false,0,WorkflowEngineContinuation.ts
WorkflowEngineDiagnostics.ts,(root),false,false,false,true,exact,true,0,WorkflowEngineDiagnostics.ts
WorkflowEngineExecutionBinder.ts,(root),false,false,false,true,exact,true,0,WorkflowEngineExecutionBinder.ts
WorkflowEngineFacades.ts,(root),false,false,false,true,basename,true,0,engine-facades/WorkflowEngineFacades.ts
WorkflowEngineHelpers.ts,(root),false,false,false,true,exact,false,0,WorkflowEngineHelpers.ts
WorkflowEngineHostFactories.ts,(root),false,false,false,true,exact,true,0,WorkflowEngineHostFactories.ts
WorkflowEngineHostRegistry.ts,(root),false,false,false,true,exact,true,0,WorkflowEngineHostRegistry.ts
WorkflowEngineInternals.ts,(root),false,false,false,true,exact,true,0,WorkflowEngineInternals.ts
WorkflowEngineMessaging.ts,(root),false,false,false,true,exact,true,0,WorkflowEngineMessaging.ts
WorkflowEngineOutputEdit.ts,(root),false,false,false,true,exact,false,0,WorkflowEngineOutputEdit.ts
WorkflowEngineOutputHelper.ts,(root),false,false,false,true,exact,true,0,WorkflowEngineOutputHelper.ts
WorkflowEnginePathHost.ts,(root),false,false,false,true,exact,false,0,WorkflowEnginePathHost.ts
WorkflowEnginePersistenceBridge.ts,(root),false,false,false,true,exact,false,0,WorkflowEnginePersistenceBridge.ts
WorkflowEngineSettingsReaders.ts,(root),false,false,false,true,exact,true,0,WorkflowEngineSettingsReaders.ts
WorkflowEngineWorkspaceLint.ts,(root),false,false,false,true,exact,false,0,WorkflowEngineWorkspaceLint.ts
WorkflowExecutor.ts,(root),false,false,false,true,exact,false,0,WorkflowExecutor.ts
WorkflowExecutorLoop.ts,(root),false,false,false,true,exact,false,0,WorkflowExecutorLoop.ts
WorkflowExecutorTypes.ts,(root),false,false,false,true,exact,false,0,WorkflowExecutorTypes.ts
WorkflowExperienceStore.ts,(root),false,false,false,true,exact,false,0,WorkflowExperienceStore.ts
WorkflowFailureLog.ts,(root),false,false,false,true,exact,false,0,WorkflowFailureLog.ts
WorkflowGeneration.ts,(root),false,false,false,true,exact,false,0,WorkflowGeneration.ts
WorkflowGenerationContext.ts,(root),false,false,false,true,exact,false,0,WorkflowGenerationContext.ts
WorkflowGenerationFinalize.ts,(root),false,false,false,true,exact,true,0,WorkflowGenerationFinalize.ts
WorkflowGenerationLlmLoop.ts,(root),false,false,false,true,exact,false,0,WorkflowGenerationLlmLoop.ts
WorkflowGenerationOrchestrator.ts,(root),false,false,false,true,exact,false,0,WorkflowGenerationOrchestrator.ts
WorkflowGenerationRunner.ts,(root),false,false,false,true,exact,true,0,WorkflowGenerationRunner.ts
WorkflowGenerationService.ts,(root),false,false,false,true,exact,true,0,WorkflowGenerationService.ts
WorkflowHitlCoordinator.ts,(root),false,false,false,true,exact,false,0,WorkflowHitlCoordinator.ts
WorkflowInputContent.ts,(root),false,false,false,true,exact,false,0,WorkflowInputContent.ts
WorkflowInputResolver.ts,(root),false,false,false,true,exact,false,0,WorkflowInputResolver.ts
WorkflowInstanceBind.ts,(root),false,false,false,true,exact,false,0,WorkflowInstanceBind.ts
WorkflowInstanceDiskIndex.ts,(root),false,false,false,true,exact,false,0,WorkflowInstanceDiskIndex.ts
WorkflowInstanceIndex.ts,(root),false,false,false,true,exact,false,0,WorkflowInstanceIndex.ts
WorkflowInstanceManager.ts,(root),false,false,false,true,exact,true,0,WorkflowInstanceManager.ts
WorkflowInstancePersistenceSync.ts,(root),false,false,false,true,exact,false,0,WorkflowInstancePersistenceSync.ts
WorkflowInstanceQuery.ts,(root),false,false,false,true,exact,false,0,WorkflowInstanceQuery.ts
WorkflowInstanceRepository.ts,(root),false,false,false,true,exact,false,0,WorkflowInstanceRepository.ts
WorkflowInstanceResumeCoordinator.ts,(root),false,false,false,true,exact,false,0,WorkflowInstanceResumeCoordinator.ts
WorkflowLogging.ts,(root),false,false,false,true,exact,false,0,WorkflowLogging.ts
WorkflowNonLlmToolRunner.ts,(root),false,false,false,true,exact,false,0,WorkflowNonLlmToolRunner.ts
WorkflowOutputKeys.ts,(root),false,false,false,true,exact,false,0,WorkflowOutputKeys.ts
WorkflowPanelFactory.ts,(root),true,true,false,false,missing,true,0,
WorkflowPanelMessageRouter.ts,(root),true,true,false,false,missing,true,0,
WorkflowParallelMonitor.ts,(root),false,false,false,true,exact,false,0,WorkflowParallelMonitor.ts
WorkflowPathResolver.ts,(root),false,false,false,true,exact,false,0,WorkflowPathResolver.ts
WorkflowPersistence.ts,(root),false,false,false,true,exact,false,0,WorkflowPersistence.ts
WorkflowPlanSummary.ts,(root),false,false,false,true,exact,false,0,WorkflowPlanSummary.ts
WorkflowPreGenerationCoordinator.ts,(root),false,false,false,true,exact,true,0,WorkflowPreGenerationCoordinator.ts
WorkflowProcessDocs.ts,(root),false,false,false,true,exact,false,0,WorkflowProcessDocs.ts
WorkflowPrompts.ts,(root),false,false,false,true,exact,false,0,WorkflowPrompts.ts
WorkflowRecoveryViewModel.ts,(root),false,false,false,true,exact,false,0,WorkflowRecoveryViewModel.ts
WorkflowRule20Normalize.ts,(root),false,false,false,true,exact,false,0,WorkflowRule20Normalize.ts
WorkflowSkipCondition.ts,(root),false,false,false,true,exact,false,0,WorkflowSkipCondition.ts
WorkflowStageErrorHelpers.ts,(root),false,false,false,true,exact,false,0,WorkflowStageErrorHelpers.ts
WorkflowStageGateFailure.ts,(root),false,false,false,true,exact,false,0,WorkflowStageGateFailure.ts
WorkflowStagePosition.ts,(root),false,false,false,true,exact,false,0,WorkflowStagePosition.ts
WorkflowStagePreGates.ts,(root),false,false,false,true,exact,false,0,WorkflowStagePreGates.ts
WorkflowStageProgressQuery.ts,(root),false,false,false,true,exact,false,0,WorkflowStageProgressQuery.ts
WorkflowStageQuestionGate.ts,(root),false,false,false,true,exact,false,0,WorkflowStageQuestionGate.ts
WorkflowStageStep.ts,(root),false,false,false,true,exact,false,0,WorkflowStageStep.ts
WorkflowStartCoordinator.ts,(root),false,false,false,true,exact,false,0,WorkflowStartCoordinator.ts
WorkflowStateEnvelope.ts,(root),false,false,false,true,exact,false,0,WorkflowStateEnvelope.ts
WorkflowStateTransitions.ts,(root),false,false,false,true,exact,false,0,WorkflowStateTransitions.ts
WorkflowStructuralRepair.ts,(root),false,false,false,true,exact,false,0,WorkflowStructuralRepair.ts
WorkflowUiBridge.ts,(root),false,false,false,true,exact,true,0,WorkflowUiBridge.ts
WorkflowValidation.ts,(root),false,false,false,true,exact,false,0,WorkflowValidation.ts
WriteOutputNormalize.ts,(root),false,false,false,true,exact,false,0,WriteOutputNormalize.ts
afk/evaluateAfkAcceptance.ts,afk,false,false,false,true,exact,false,0,afk/evaluateAfkAcceptance.ts
artifact-registry/importPathCoverage.ts,artifact-registry,false,false,false,true,exact,false,0,artifact-registry/importPathCoverage.ts
charter/CharterAnswerRouter.ts,charter,false,false,false,true,exact,false,0,charter/CharterAnswerRouter.ts
charter/CharterConstraintsBlock.ts,charter,false,false,false,true,exact,false,0,charter/CharterConstraintsBlock.ts
charter/CharterContextService.ts,charter,false,false,false,true,exact,true,0,charter/CharterContextService.ts
charter/CharterCoverageMetrics.ts,charter,false,false,false,true,exact,false,0,charter/CharterCoverageMetrics.ts
charter/CharterFeedbackTypes.ts,charter,false,false,false,true,exact,false,0,charter/CharterFeedbackTypes.ts
charter/CharterGrillAutoAnswer.ts,charter,false,false,false,true,exact,false,0,charter/CharterGrillAutoAnswer.ts
charter/CharterGrillRuntime.ts,charter,false,false,false,true,exact,false,0,charter/CharterGrillRuntime.ts
charter/CharterKeywords.ts,charter,false,false,false,true,exact,false,0,charter/CharterKeywords.ts
charter/CharterLoader.ts,charter,false,false,false,true,exact,false,0,charter/CharterLoader.ts
charter/CharterParser.ts,charter,false,false,false,true,exact,false,0,charter/CharterParser.ts
charter/CharterTypes.ts,charter,false,false,false,true,exact,false,0,charter/CharterTypes.ts
charter/CharterWriter.ts,charter,false,false,false,true,exact,false,0,charter/CharterWriter.ts
charter/collectCharterFeedbackCandidates.ts,charter,false,false,false,true,exact,false,0,charter/collectCharterFeedbackCandidates.ts
charter/index.ts,charter,false,false,false,true,exact,false,2,charter/index.ts
charter/maybeAutoWriteCharterFeedback.ts,charter,false,false,false,true,exact,false,0,charter/maybeAutoWriteCharterFeedback.ts
charter/maybePromptCharterFeedback.ts,charter,false,false,false,true,exact,false,0,charter/maybePromptCharterFeedback.ts
code-runner/effectiveCwd.ts,code-runner,false,false,false,true,exact,false,0,code-runner/effectiveCwd.ts
code-runner/pytestEnv.ts,code-runner,false,false,false,true,exact,false,0,code-runner/pytestEnv.ts
commitment/extractCommitmentSnapshot.ts,commitment,false,false,false,true,exact,false,0,commitment/extractCommitmentSnapshot.ts
commitment/formatCommitmentIndex.ts,commitment,false,false,false,true,exact,false,0,commitment/formatCommitmentIndex.ts
commitment/index.ts,commitment,false,false,false,true,exact,false,2,commitment/index.ts
commitment/parseCommitments.ts,commitment,false,false,false,true,exact,false,0,commitment/parseCommitments.ts
commitment/types.ts,commitment,false,false,false,true,exact,false,0,commitment/types.ts
confirm-plan/artifactPaths.ts,confirm-plan,false,false,false,true,exact,false,0,confirm-plan/artifactPaths.ts
confirm-plan/index.ts,confirm-plan,false,false,false,true,exact,false,2,confirm-plan/index.ts
confirm-plan/stageStats.ts,confirm-plan,false,false,false,true,exact,false,0,confirm-plan/stageStats.ts
confirm-plan/types.ts,confirm-plan,false,false,false,true,exact,false,0,confirm-plan/types.ts
contract-infra/InfraChainDetector.ts,contract-infra,false,false,false,true,exact,false,0,contract-infra/InfraChainDetector.ts
contract-infra/InfraChainIssues.ts,contract-infra,false,false,false,true,exact,false,0,contract-infra/InfraChainIssues.ts
contract-infra/InfraChainRequirements.ts,contract-infra,false,false,false,true,exact,false,0,contract-infra/InfraChainRequirements.ts
contract-infra/index.ts,contract-infra,false,false,false,true,exact,false,2,contract-infra/index.ts
contract-infra/resolveExtensionScriptPath.ts,contract-infra,false,false,false,true,exact,false,0,contract-infra/resolveExtensionScriptPath.ts
decision-frontload/DecisionFrontloadTypes.ts,decision-frontload,false,false,false,true,exact,false,0,decision-frontload/DecisionFrontloadTypes.ts
decision-frontload/applyFrontloadDecisions.ts,decision-frontload,false,false,false,true,exact,false,0,decision-frontload/applyFrontloadDecisions.ts
decision-frontload/buildDecisionBoard.ts,decision-frontload,false,false,false,true,exact,false,0,decision-frontload/buildDecisionBoard.ts
decision-frontload/collectDecisionBoard.ts,decision-frontload,false,false,false,true,exact,false,0,decision-frontload/collectDecisionBoard.ts
diagnostic-router/DiagnosticRouter.ts,diagnostic-router,false,false,false,true,exact,false,0,diagnostic-router/DiagnosticRouter.ts
diagnostic-router/index.ts,diagnostic-router,false,false,false,true,exact,false,2,diagnostic-router/index.ts
diagnostic-router/types.ts,diagnostic-router,false,false,false,true,exact,false,0,diagnostic-router/types.ts
disk-bootstrap/DiskLayout.ts,disk-bootstrap,false,false,false,true,exact,false,0,disk-bootstrap/DiskLayout.ts
disk-bootstrap/StageBootstrapHeuristics.ts,disk-bootstrap,false,false,false,true,exact,false,0,disk-bootstrap/StageBootstrapHeuristics.ts
disk-bootstrap/applyPrototypePipeline.ts,disk-bootstrap,false,false,false,true,exact,false,0,disk-bootstrap/applyPrototypePipeline.ts
disk-bootstrap/applySoftwarePipeline.ts,disk-bootstrap,false,false,false,true,exact,false,0,disk-bootstrap/applySoftwarePipeline.ts
disk-bootstrap/bundleWriteStages.ts,disk-bootstrap,false,false,false,true,exact,false,0,disk-bootstrap/bundleWriteStages.ts
disk-bootstrap/constants.ts,disk-bootstrap,false,false,false,true,exact,false,0,disk-bootstrap/constants.ts
disk-bootstrap/deliveryWrapupStage.ts,disk-bootstrap,false,false,false,true,exact,false,0,disk-bootstrap/deliveryWrapupStage.ts
disk-bootstrap/index.ts,disk-bootstrap,false,false,false,true,exact,false,2,disk-bootstrap/index.ts
disk-bootstrap/initNpmStages.ts,disk-bootstrap,false,false,false,true,exact,false,0,disk-bootstrap/initNpmStages.ts
disk-bootstrap/injectedStages.ts,disk-bootstrap,false,false,false,true,exact,false,0,disk-bootstrap/injectedStages.ts
disk-bootstrap/npmWorkspace.ts,disk-bootstrap,false,false,false,true,exact,false,0,disk-bootstrap/npmWorkspace.ts
disk-bootstrap/pythonConftestStage.ts,disk-bootstrap,false,false,false,true,exact,false,0,disk-bootstrap/pythonConftestStage.ts
disk-bootstrap/smokeStage.ts,disk-bootstrap,false,false,false,true,exact,false,0,disk-bootstrap/smokeStage.ts
disk-bootstrap/testRunAugment.ts,disk-bootstrap,false,false,false,true,exact,false,0,disk-bootstrap/testRunAugment.ts
dod/DefinitionOfDone.ts,dod,false,false,false,true,exact,false,0,dod/DefinitionOfDone.ts
engine-activity/happyPathActivity.ts,engine-activity,false,false,false,true,exact,false,0,engine-activity/happyPathActivity.ts
engine-activity/postEngineActivity.ts,engine-activity,false,false,false,true,exact,false,0,engine-activity/postEngineActivity.ts
engine-facades/WorkflowArtifactFacadeImpl.ts,engine-facades,false,false,false,true,exact,true,0,engine-facades/WorkflowArtifactFacadeImpl.ts
engine-facades/WorkflowEngineLifecycle.ts,engine-facades,false,false,false,true,exact,true,0,engine-facades/WorkflowEngineLifecycle.ts
engine-facades/WorkflowExecutionFacadeImpl.ts,engine-facades,false,false,false,true,exact,true,0,engine-facades/WorkflowExecutionFacadeImpl.ts
engine-facades/WorkflowHitlFacadeImpl.ts,engine-facades,false,false,false,true,exact,true,0,engine-facades/WorkflowHitlFacadeImpl.ts
engine-facades/WorkflowInstanceFacadeImpl.ts,engine-facades,false,false,false,true,exact,true,0,engine-facades/WorkflowInstanceFacadeImpl.ts
engine-facades/createEngineFacades.ts,engine-facades,false,false,false,true,exact,true,0,engine-facades/createEngineFacades.ts
engine-host/ExecutionHostDeps.ts,engine-host,false,false,false,true,exact,true,0,engine-host/ExecutionHostDeps.ts
engine-host/GenerationHostDeps.ts,engine-host,false,false,false,true,exact,true,0,engine-host/GenerationHostDeps.ts
engine-host/MessagingHostDeps.ts,engine-host,false,false,false,true,exact,true,0,engine-host/MessagingHostDeps.ts
engine-host/PersistenceHostDeps.ts,engine-host,false,false,false,true,exact,false,0,engine-host/PersistenceHostDeps.ts
engine-host/index.ts,engine-host,false,false,false,true,exact,true,2,engine-host/index.ts
engine-wiring/EngineRuntimeState.ts,engine-wiring,false,false,false,true,exact,true,0,engine-wiring/EngineRuntimeState.ts
engine-wiring/LateBound.ts,engine-wiring,false,false,false,true,exact,false,0,engine-wiring/LateBound.ts
engine-wiring/createWorkflowEngineParts.ts,engine-wiring,false,false,false,true,exact,true,0,engine-wiring/createWorkflowEngineParts.ts
errors/catalog/exec.ts,errors/catalog,false,false,false,true,exact,false,11,errors/catalog/exec.ts
errors/catalog/gates.ts,errors/catalog,false,false,false,true,exact,false,2,errors/catalog/gates.ts
errors/catalog/hitl.ts,errors/catalog,false,false,false,true,exact,false,6,errors/catalog/hitl.ts
errors/catalog/index.ts,errors/catalog,false,false,false,true,exact,false,2,errors/catalog/index.ts
errors/catalog/llm.ts,errors/catalog,false,false,false,true,exact,false,9,errors/catalog/llm.ts
errors/catalog/toolExecutionCopy.ts,errors/catalog,false,false,false,true,exact,false,0,errors/catalog/toolExecutionCopy.ts
errors/catalog/types.ts,errors/catalog,false,false,false,true,exact,false,0,errors/catalog/types.ts
errors/stageErrorBuilders.ts,errors,false,false,false,true,exact,false,0,errors/stageErrorBuilders.ts
execution-bindings/executor-loop-types.ts,execution-bindings,false,false,false,true,exact,false,0,execution-bindings/executor-loop-types.ts
execution-bindings/llm-io.ts,execution-bindings,false,false,false,true,exact,true,0,execution-bindings/llm-io.ts
execution-bindings/messaging.ts,execution-bindings,false,false,false,true,exact,true,1,execution-bindings/messaging.ts
execution-bindings/quality-gate-bindings.ts,execution-bindings,false,false,false,true,exact,true,0,execution-bindings/quality-gate-bindings.ts
execution-bindings/quality-gate-hitl-bindings.ts,execution-bindings,false,false,false,true,exact,true,0,execution-bindings/quality-gate-hitl-bindings.ts
execution-bindings/quality-gate-host.ts,execution-bindings,false,false,false,true,exact,true,0,execution-bindings/quality-gate-host.ts
execution-bindings/quality-gate-loop-bindings.ts,execution-bindings,false,false,false,true,exact,false,0,execution-bindings/quality-gate-loop-bindings.ts
execution-bindings/quality-gate-settings.ts,execution-bindings,false,false,false,true,exact,false,0,execution-bindings/quality-gate-settings.ts
execution-bindings/quality-gates.ts,execution-bindings,false,false,false,true,exact,false,1,execution-bindings/quality-gates.ts
execution-bindings/types.ts,execution-bindings,false,false,false,true,exact,true,0,execution-bindings/types.ts
executor-loop/DagWaveScheduler.ts,executor-loop,false,false,false,true,exact,false,0,executor-loop/DagWaveScheduler.ts
executor-loop/ExecutorStateContract.ts,executor-loop,false,false,false,true,exact,false,0,executor-loop/ExecutorStateContract.ts
executor-loop/StageStepDriver.ts,executor-loop,false,false,false,true,exact,false,0,executor-loop/StageStepDriver.ts
executor-loop/dag/completeAndFail.ts,executor-loop/dag,false,false,false,true,exact,false,0,executor-loop/dag/completeAndFail.ts
executor-loop/dag/runWave.ts,executor-loop/dag,false,false,false,true,exact,false,0,executor-loop/dag/runWave.ts
executor-loop/dagWaveHelpers.ts,executor-loop,false,false,false,true,exact,false,0,executor-loop/dagWaveHelpers.ts
extension/ExtensionRuntime.ts,extension,false,false,false,true,exact,false,0,extension/ExtensionRuntime.ts
failure-patterns/classifyFailurePatterns.ts,failure-patterns,false,false,false,true,exact,false,0,failure-patterns/classifyFailurePatterns.ts
failure-patterns/constants.ts,failure-patterns,false,false,false,true,exact,false,0,failure-patterns/constants.ts
failure-patterns/rules.ts,failure-patterns,false,false,false,true,exact,false,0,failure-patterns/rules.ts
failure-patterns/types.ts,failure-patterns,false,false,false,true,exact,false,0,failure-patterns/types.ts
friendly/TranslationGlossary.ts,friendly,false,false,false,true,exact,false,0,friendly/TranslationGlossary.ts
friendly/milestoneVerifyHint.ts,friendly,false,false,false,true,exact,false,0,friendly/milestoneVerifyHint.ts
friendly/toPlainLanguage.ts,friendly,false,false,false,true,exact,false,0,friendly/toPlainLanguage.ts
gate-repair/GateRepairRouter.ts,gate-repair,false,false,false,true,exact,false,0,gate-repair/GateRepairRouter.ts
gate-repair/runGateAutoRepair.ts,gate-repair,false,false,false,true,exact,false,0,gate-repair/runGateAutoRepair.ts
generated/PromptFragments.ts,generated,false,false,false,true,exact,true,0,generated/PromptFragments.ts
generated/backendMessageTypes.ts,generated,false,false,false,true,exact,false,0,generated/backendMessageTypes.ts
generation-validation/index.ts,generation-validation,false,false,false,true,exact,false,2,generation-validation/index.ts
generation-validation/reverifyRule20.ts,generation-validation,false,false,false,true,exact,false,0,generation-validation/reverifyRule20.ts
generation-validation/runPostParseValidationPipeline.ts,generation-validation,false,false,false,true,exact,false,0,generation-validation/runPostParseValidationPipeline.ts
generation-validation/steps/planCompletenessStep.ts,generation-validation/steps,false,false,false,true,exact,false,0,generation-validation/steps/planCompletenessStep.ts
generation-validation/steps/prepareStep.ts,generation-validation/steps,false,false,false,true,exact,false,0,generation-validation/steps/prepareStep.ts
generation-validation/steps/rule20Step.ts,generation-validation/steps,false,false,false,true,exact,false,0,generation-validation/steps/rule20Step.ts
generation-validation/steps/warningsStep.ts,generation-validation/steps,false,false,false,true,exact,false,0,generation-validation/steps/warningsStep.ts
generation-validation/types.ts,generation-validation,false,false,false,true,exact,false,0,generation-validation/types.ts
generation/GenerationOperationIds.ts,generation,false,false,false,true,exact,false,0,generation/GenerationOperationIds.ts
generation/GenerationTraceStageIds.ts,generation,false,false,false,true,exact,false,0,generation/GenerationTraceStageIds.ts
generation/confirmDialogAdapter.ts,generation,false,false,false,true,exact,true,0,generation/confirmDialogAdapter.ts
generation/generationGuards.ts,generation,false,false,false,true,exact,false,0,generation/generationGuards.ts
generation/normalizeWorkflowContext.ts,generation,false,false,false,true,exact,false,0,generation/normalizeWorkflowContext.ts
hitl/ArtifactRollback.ts,hitl,false,false,false,true,exact,true,0,hitl/ArtifactRollback.ts
hitl/DecisionApproveLintGate.ts,hitl,false,false,false,true,exact,false,0,hitl/DecisionApproveLintGate.ts
hitl/DecisionApprovePersistence.ts,hitl,false,false,false,true,exact,true,0,hitl/DecisionApprovePersistence.ts
hitl/DecisionLintGate.ts,hitl,false,false,false,true,exact,true,0,hitl/DecisionLintGate.ts
hitl/HitlApprove.ts,hitl,false,false,false,true,exact,true,0,hitl/HitlApprove.ts
hitl/HitlApproveDecision.ts,hitl,false,false,false,true,exact,true,0,hitl/HitlApproveDecision.ts
hitl/HitlCoordinatorHost.ts,hitl,false,false,false,true,exact,true,0,hitl/HitlCoordinatorHost.ts
hitl/HitlQuestions.ts,hitl,false,false,false,true,exact,false,0,hitl/HitlQuestions.ts
hitl/HitlQuestionsAfter.ts,hitl,false,false,false,true,exact,true,0,hitl/HitlQuestionsAfter.ts
hitl/HitlQuestionsBefore.ts,hitl,false,false,false,true,exact,true,0,hitl/HitlQuestionsBefore.ts
hitl/HitlRetry.ts,hitl,false,false,false,true,exact,true,0,hitl/HitlRetry.ts
hitl/HitlRetryResult.ts,hitl,false,false,false,true,exact,false,0,hitl/HitlRetryResult.ts
hitl/RetryLimitGate.ts,hitl,false,false,false,true,exact,true,0,hitl/RetryLimitGate.ts
hitl/advanceAfterHitl.ts,hitl,false,false,false,true,exact,true,0,hitl/advanceAfterHitl.ts
hitl/approveInvariantErrors.ts,hitl,false,false,false,true,exact,true,0,hitl/approveInvariantErrors.ts
hitl/hitlHints.ts,hitl,false,false,false,true,exact,false,0,hitl/hitlHints.ts
hitl/index.ts,hitl,false,false,false,true,exact,false,2,hitl/index.ts
hitl/postHitlStageError.ts,hitl,false,false,false,true,exact,true,0,hitl/postHitlStageError.ts
hitl/questionAnswerValidation.ts,hitl,false,false,false,true,exact,true,0,hitl/questionAnswerValidation.ts
hitl/requiredAnswers.ts,hitl,false,false,false,true,exact,false,0,hitl/requiredAnswers.ts
hitl/resolveHitlStage.ts,hitl,false,false,false,true,exact,false,0,hitl/resolveHitlStage.ts
hitl/withHitlStageBinding.ts,hitl,false,false,false,true,exact,true,0,hitl/withHitlStageBinding.ts
impl-scope/injectImplSliceScope.ts,impl-scope,false,false,false,true,exact,false,0,impl-scope/injectImplSliceScope.ts
input-context/budgetAllocation.ts,input-context,false,false,false,true,exact,false,0,input-context/budgetAllocation.ts
input-context/degradePolicy.ts,input-context,false,false,false,true,exact,false,0,input-context/degradePolicy.ts
instance-repo/context.ts,instance-repo,false,false,false,true,exact,false,8,instance-repo/context.ts
instance-repo/diskRoots.ts,instance-repo,false,false,false,true,exact,false,0,instance-repo/diskRoots.ts
instance-repo/mutate.ts,instance-repo,false,false,false,true,exact,false,0,instance-repo/mutate.ts
instance-repo/purge.ts,instance-repo,false,false,false,true,exact,false,0,instance-repo/purge.ts
instance-repo/read.ts,instance-repo,false,false,false,true,exact,false,1,instance-repo/read.ts
instance/GlobalStateSafeUpdate.ts,instance,false,false,false,true,exact,false,0,instance/GlobalStateSafeUpdate.ts
instance/InstanceCatalog.ts,instance,false,false,false,true,exact,false,0,instance/InstanceCatalog.ts
instance/InstanceDraftFacade.ts,instance,false,false,false,true,exact,false,0,instance/InstanceDraftFacade.ts
instance/InstanceGlobalStateKeys.ts,instance,false,false,false,true,exact,false,0,instance/InstanceGlobalStateKeys.ts
instance/InstanceLifecycle.ts,instance,false,false,false,true,exact,false,0,instance/InstanceLifecycle.ts
instance/InstancePersistenceOps.ts,instance,false,false,false,true,exact,true,0,instance/InstancePersistenceOps.ts
instance/InstanceResumeFacade.ts,instance,false,false,false,true,exact,true,0,instance/InstanceResumeFacade.ts
instance/StagentGlobalStateKeys.ts,instance,false,false,false,true,exact,false,0,instance/StagentGlobalStateKeys.ts
json-extract/JsonScanState.ts,json-extract,false,false,false,true,exact,false,0,json-extract/JsonScanState.ts
json-extract/collectCandidates.ts,json-extract,false,false,false,true,exact,false,0,json-extract/collectCandidates.ts
json-extract/index.ts,json-extract,false,false,false,true,exact,false,2,json-extract/index.ts
json-extract/truncateCheck.ts,json-extract,false,false,false,true,exact,false,0,json-extract/truncateCheck.ts
jsonl/JsonlAtomicAppend.ts,jsonl,false,false,false,true,exact,false,0,jsonl/JsonlAtomicAppend.ts
l10n/catalogMsg.ts,l10n,false,false,false,true,exact,false,0,l10n/catalogMsg.ts
l10n/gateMsg.ts,l10n,false,false,false,true,exact,false,0,l10n/gateMsg.ts
l10n/getWebviewUiStrings.ts,l10n,false,false,false,true,exact,true,0,l10n/getWebviewUiStrings.ts
l10n/hitlMsg.ts,l10n,false,false,false,true,exact,false,0,l10n/hitlMsg.ts
l10n/keyMaps.ts,l10n,false,false,false,true,exact,false,0,l10n/keyMaps.ts
l10n/lintMsg.ts,l10n,false,false,false,true,exact,false,0,l10n/lintMsg.ts
l10n/qualityMsg.ts,l10n,false,false,false,true,exact,false,0,l10n/qualityMsg.ts
l10n/resolveWebviewString.ts,l10n,false,false,false,true,exact,false,0,l10n/resolveWebviewString.ts
l10n/rule20Msg.ts,l10n,false,false,false,true,exact,false,0,l10n/rule20Msg.ts
l10n/uiStrings.ts,l10n,false,false,false,true,exact,true,0,l10n/uiStrings.ts
l10n/webviewUiCatalogPath.ts,l10n,false,false,false,true,exact,false,0,l10n/webviewUiCatalogPath.ts
l10n/webviewUiKeyList.ts,l10n,false,false,false,true,exact,false,0,l10n/webviewUiKeyList.ts
lint/CodedLintIssue.ts,lint,false,false,false,true,exact,false,0,lint/CodedLintIssue.ts
lint/ContractWarningFormat.ts,lint,false,false,false,true,exact,false,0,lint/ContractWarningFormat.ts
lint/WorkflowWarningTokens.ts,lint,false,false,false,true,exact,false,0,lint/WorkflowWarningTokens.ts
markdown/MarkdownFenceUtils.ts,markdown,false,false,false,true,exact,false,0,markdown/MarkdownFenceUtils.ts
non-llm-runners/code-runner.ts,non-llm-runners,false,false,false,true,exact,false,6,non-llm-runners/code-runner.ts
non-llm-runners/file-read.ts,non-llm-runners,false,false,false,true,exact,false,1,non-llm-runners/file-read.ts
non-llm-runners/file-write.ts,non-llm-runners,false,false,false,true,exact,false,2,non-llm-runners/file-write.ts
non-llm-runners/helpers.ts,non-llm-runners,false,false,false,true,exact,false,4,non-llm-runners/helpers.ts
non-llm-runners/registry.ts,non-llm-runners,false,false,false,true,exact,false,3,non-llm-runners/registry.ts
panel-handlers/artifacts.ts,panel-handlers,false,false,false,true,exact,false,1,panel-handlers/artifacts.ts
panel-handlers/execution-hitl.ts,panel-handlers,false,false,false,true,exact,false,0,panel-handlers/execution-hitl.ts
panel-handlers/execution-upstream-fix.ts,panel-handlers,false,false,false,true,exact,false,0,panel-handlers/execution-upstream-fix.ts
panel-handlers/generation.ts,panel-handlers,false,false,false,true,exact,true,7,panel-handlers/generation.ts
panel-handlers/registry.ts,panel-handlers,false,false,false,true,exact,false,3,panel-handlers/registry.ts
panel-handlers/types.ts,panel-handlers,false,false,false,true,exact,true,0,panel-handlers/types.ts
panel-handlers/workspace.ts,panel-handlers,false,false,false,true,exact,true,2,panel-handlers/workspace.ts
path-router/PathRouter.ts,path-router,false,false,false,true,exact,false,0,path-router/PathRouter.ts
path-router/PathRouterPrompts.ts,path-router,false,false,false,true,exact,false,0,path-router/PathRouterPrompts.ts
path-router/WorkflowTemplateTypes.ts,path-router,false,false,false,true,exact,false,0,path-router/WorkflowTemplateTypes.ts
path-router/WorkspaceSignals.ts,path-router,false,false,false,true,exact,false,0,path-router/WorkspaceSignals.ts
path-router/templateStageCap.ts,path-router,false,false,false,true,exact,false,0,path-router/templateStageCap.ts
paths/StagentInstancePathGuards.ts,paths,false,false,false,true,exact,false,0,paths/StagentInstancePathGuards.ts
paths/StagentPaths.ts,paths,false,false,false,true,exact,false,0,paths/StagentPaths.ts
plan-completeness/PlanCompletenessStageHints.ts,plan-completeness,false,false,false,true,exact,false,0,plan-completeness/PlanCompletenessStageHints.ts
plan-completeness/lintPlanCompleteness.ts,plan-completeness,false,false,false,true,exact,false,0,plan-completeness/lintPlanCompleteness.ts
plan-completeness/mainAssemblyChecks.ts,plan-completeness,false,false,false,true,exact,false,0,plan-completeness/mainAssemblyChecks.ts
plan-completeness/multiFileImplChecks.ts,plan-completeness,false,false,false,true,exact,false,0,plan-completeness/multiFileImplChecks.ts
plan-completeness/planCompletenessStageAccess.ts,plan-completeness,false,false,false,true,exact,false,0,plan-completeness/planCompletenessStageAccess.ts
plan-completeness/planCompletenessTypes.ts,plan-completeness,false,false,false,true,exact,false,0,plan-completeness/planCompletenessTypes.ts
plan-completeness/pythonTestInfraChecks.ts,plan-completeness,false,false,false,true,exact,false,0,plan-completeness/pythonTestInfraChecks.ts
plan-completeness/selfHealGapDetector.ts,plan-completeness,false,false,false,true,exact,false,0,plan-completeness/selfHealGapDetector.ts
plan-completeness/stageChecks.ts,plan-completeness,false,false,false,true,exact,false,0,plan-completeness/stageChecks.ts
plan-completeness/testInfraChecks.ts,plan-completeness,false,false,false,true,exact,false,0,plan-completeness/testInfraChecks.ts
plan-completeness/testStackChecks.ts,plan-completeness,false,false,false,true,exact,false,0,plan-completeness/testStackChecks.ts
plan-completeness/testWriteImportChecks.ts,plan-completeness,false,false,false,true,exact,false,0,plan-completeness/testWriteImportChecks.ts
plan-completeness/upstreamFixPlanChecks.ts,plan-completeness,false,false,false,true,exact,false,0,plan-completeness/upstreamFixPlanChecks.ts
plan-preflight/PlanPreflightOrchestrator.ts,plan-preflight,false,false,false,true,exact,false,0,plan-preflight/PlanPreflightOrchestrator.ts
polish/PolishTier.ts,polish,false,false,false,true,exact,false,0,polish/PolishTier.ts
pregen/RequirementClarity.ts,pregen,false,false,false,true,exact,false,0,pregen/RequirementClarity.ts
process/MacosSandboxProfile.ts,process,false,false,false,true,exact,false,0,process/MacosSandboxProfile.ts
process/ProcessRunner.ts,process,false,false,false,true,exact,false,0,process/ProcessRunner.ts
process/shellEnvironment.ts,process,false,false,false,true,exact,false,0,process/shellEnvironment.ts
python-bootstrap/autoVenvBootstrap.ts,python-bootstrap,false,false,false,true,exact,false,0,python-bootstrap/autoVenvBootstrap.ts
python-bootstrap/conftestTemplate.ts,python-bootstrap,false,false,false,true,exact,false,0,python-bootstrap/conftestTemplate.ts
python-bootstrap/pythonStackDetect.ts,python-bootstrap,false,false,false,true,exact,false,0,python-bootstrap/pythonStackDetect.ts
python-contract/PythonExportContractLint.ts,python-contract,false,false,false,true,exact,false,0,python-contract/PythonExportContractLint.ts
python-contract/PythonPypiSymbolLint.ts,python-contract,false,false,false,true,exact,false,0,python-contract/PythonPypiSymbolLint.ts
python-contract/pythonExternalModules.ts,python-contract,false,false,false,true,exact,false,0,python-contract/pythonExternalModules.ts
quality-gates/deterministicVerification.ts,quality-gates,false,false,false,true,exact,false,0,quality-gates/deterministicVerification.ts
quality-gates/gateHelpers.ts,quality-gates,false,false,false,true,exact,false,0,quality-gates/gateHelpers.ts
quality-gates/generateGates.ts,quality-gates,false,false,false,true,exact,false,0,quality-gates/generateGates.ts
quality-gates/implWriteScopeGate.ts,quality-gates,false,false,false,true,exact,false,0,quality-gates/implWriteScopeGate.ts
quality-gates/postStageGates.ts,quality-gates,false,false,false,true,exact,false,0,quality-gates/postStageGates.ts
quality-gates/preStageGates.ts,quality-gates,false,false,false,true,exact,false,0,quality-gates/preStageGates.ts
quality-gates/verificationConfidence.ts,quality-gates,false,false,false,true,exact,false,0,quality-gates/verificationConfidence.ts
quality-gates/verificationFlaky.ts,quality-gates,false,false,false,true,exact,false,0,quality-gates/verificationFlaky.ts
quality-report/QualityReportTypes.ts,quality-report,false,false,false,true,exact,false,0,quality-report/QualityReportTypes.ts
quality-report/buildQualityReportPayload.ts,quality-report,false,false,false,true,exact,false,0,quality-report/buildQualityReportPayload.ts
resume/activateInstance.ts,resume,false,false,false,true,exact,true,0,resume/activateInstance.ts
resume/continueInterruptedRun.ts,resume,false,false,false,true,exact,true,0,resume/continueInterruptedRun.ts
resume/ensureInstanceBound.ts,resume,false,false,false,true,exact,true,0,resume/ensureInstanceBound.ts
resume/index.ts,resume,false,false,false,true,exact,false,2,resume/index.ts
resume/pushRecoveryUi.ts,resume,false,false,false,true,exact,true,0,resume/pushRecoveryUi.ts
resume/resumeInstance.ts,resume,false,false,false,true,exact,true,0,resume/resumeInstance.ts
resume/types.ts,resume,false,false,false,true,exact,true,0,resume/types.ts
retry/FailureSnapshot.ts,retry,false,false,false,true,exact,false,0,retry/FailureSnapshot.ts
retry/UpstreamFix.ts,retry,false,false,false,true,exact,true,0,retry/UpstreamFix.ts
retry/UpstreamFixResets.ts,retry,false,false,false,true,exact,false,0,retry/UpstreamFixResets.ts
retry/UpstreamFixResult.ts,retry,false,false,false,true,exact,false,0,retry/UpstreamFixResult.ts
retry/index.ts,retry,false,false,false,true,exact,false,2,retry/index.ts
rule20-normalize/applyRule20StructuralNormalizations.ts,rule20-normalize,false,false,false,true,exact,false,0,rule20-normalize/applyRule20StructuralNormalizations.ts
rule20-normalize/index.ts,rule20-normalize,false,false,false,true,exact,false,2,rule20-normalize/index.ts
rule20-normalize/steps/global-architecture.ts,rule20-normalize/steps,false,false,false,true,exact,false,0,rule20-normalize/steps/global-architecture.ts
rule20-normalize/steps/software-impl-wiring.ts,rule20-normalize/steps,false,false,false,true,exact,false,0,rule20-normalize/steps/software-impl-wiring.ts
rule20-normalize/steps/test-run-tool.ts,rule20-normalize/steps,false,false,false,true,exact,false,0,rule20-normalize/steps/test-run-tool.ts
rule20-normalize/steps/zoom-out.ts,rule20-normalize/steps,false,false,false,true,exact,false,2,rule20-normalize/steps/zoom-out.ts
rule20-normalize/types.ts,rule20-normalize,false,false,false,true,exact,false,0,rule20-normalize/types.ts
rule20/architecture.ts,rule20,false,false,false,true,exact,false,3,rule20/architecture.ts
rule20/dag-integrity.ts,rule20,false,false,false,true,exact,false,0,rule20/dag-integrity.ts
rule20/debug-feedback.ts,rule20,false,false,false,true,exact,false,2,rule20/debug-feedback.ts
rule20/debug-task-rules.ts,rule20,false,false,false,true,exact,false,0,rule20/debug-task-rules.ts
rule20/decisionConstraint.ts,rule20,false,false,false,true,exact,false,0,rule20/decisionConstraint.ts
rule20/index.ts,rule20,false,false,false,true,exact,false,2,rule20/index.ts
rule20/pairing-rules/decide-missing-impl.ts,rule20/pairing-rules,false,false,false,true,exact,false,0,rule20/pairing-rules/decide-missing-impl.ts
rule20/pairing-rules/global-architecture.ts,rule20/pairing-rules,false,false,false,true,exact,false,0,rule20/pairing-rules/global-architecture.ts
rule20/pairing-rules/impl-input-constraints.ts,rule20/pairing-rules,false,false,false,true,exact,false,0,rule20/pairing-rules/impl-input-constraints.ts
rule20/pairing-rules/impl-missing-decide.ts,rule20/pairing-rules,false,false,false,true,exact,false,0,rule20/pairing-rules/impl-missing-decide.ts
rule20/pairing-rules/pairingHelpers.ts,rule20/pairing-rules,false,false,false,true,exact,false,0,rule20/pairing-rules/pairingHelpers.ts
rule20/prototype.ts,rule20,false,false,false,true,exact,false,2,rule20/prototype.ts
rule20/software-decision-pairing.ts,rule20,false,false,false,true,exact,false,0,rule20/software-decision-pairing.ts
rule20/task-type-verification.ts,rule20,false,false,false,true,exact,false,0,rule20/task-type-verification.ts
rule20/test-run-imports.ts,rule20,false,false,false,true,exact,false,0,rule20/test-run-imports.ts
rule20/test-run-tool-rules.ts,rule20,false,false,false,true,exact,false,0,rule20/test-run-tool-rules.ts
rule20/to-issues.ts,rule20,false,false,false,true,exact,false,0,rule20/to-issues.ts
rule20/types.ts,rule20,false,false,false,true,exact,false,0,rule20/types.ts
rule20/verify-context.ts,rule20,false,false,false,true,exact,false,0,rule20/verify-context.ts
rule20/verify.ts,rule20,false,false,false,true,exact,false,4,rule20/verify.ts
runtime-preflight/EscalationRouter.ts,runtime-preflight,false,false,false,true,exact,true,0,runtime-preflight/EscalationRouter.ts
runtime-preflight/RuntimePreflightOrchestrator.ts,runtime-preflight,false,false,false,true,exact,false,0,runtime-preflight/RuntimePreflightOrchestrator.ts
runtime-preflight/index.ts,runtime-preflight,false,false,false,true,exact,false,2,runtime-preflight/index.ts
runtime-preflight/types.ts,runtime-preflight,false,false,false,true,exact,false,0,runtime-preflight/types.ts
runtime-replan/FixExhaustedRouter.ts,runtime-replan,false,false,false,true,exact,false,0,runtime-replan/FixExhaustedRouter.ts
runtime-replan/PreflightReplanRouter.ts,runtime-replan,false,false,false,true,exact,false,0,runtime-replan/PreflightReplanRouter.ts
runtime-replan/applyRuntimeReplan.ts,runtime-replan,false,false,false,true,exact,false,0,runtime-replan/applyRuntimeReplan.ts
runtime-replan/buildReplanStage.ts,runtime-replan,false,false,false,true,exact,false,0,runtime-replan/buildReplanStage.ts
runtime-replan/constants.ts,runtime-replan,false,false,false,true,exact,false,0,runtime-replan/constants.ts
runtime-replan/createPendingRuntime.ts,runtime-replan,false,false,false,true,exact,false,0,runtime-replan/createPendingRuntime.ts
runtime-replan/index.ts,runtime-replan,false,false,false,true,exact,false,2,runtime-replan/index.ts
runtime-replan/planDeterministicReplan.ts,runtime-replan,false,false,false,true,exact,false,0,runtime-replan/planDeterministicReplan.ts
runtime-replan/replanBudget.ts,runtime-replan,false,false,false,true,exact,false,0,runtime-replan/replanBudget.ts
runtime-replan/testRunSelfHeal.ts,runtime-replan,false,false,false,true,exact,false,0,runtime-replan/testRunSelfHeal.ts
runtime-replan/tryRuntimeReplanFromGate.ts,runtime-replan,false,false,false,true,exact,false,0,runtime-replan/tryRuntimeReplanFromGate.ts
runtime-replan/types.ts,runtime-replan,false,false,false,true,exact,false,0,runtime-replan/types.ts
sandbox/SandboxCapabilityMatrix.ts,sandbox,false,false,false,true,exact,false,0,sandbox/SandboxCapabilityMatrix.ts
sandbox/resolveSandboxForStage.ts,sandbox,false,false,false,true,exact,false,0,sandbox/resolveSandboxForStage.ts
settings/SettingsReaders.ts,settings,false,false,false,true,exact,false,0,settings/SettingsReaders.ts
settings/catalog/charter.ts,settings/catalog,false,false,false,true,exact,false,4,settings/catalog/charter.ts
settings/catalog/contract.ts,settings/catalog,false,false,false,true,exact,false,12,settings/catalog/contract.ts
settings/catalog/core.ts,settings/catalog,false,false,false,true,exact,false,4,settings/catalog/core.ts
settings/catalog/debug.ts,settings/catalog,false,false,false,true,exact,false,6,settings/catalog/debug.ts
settings/catalog/execution.ts,settings/catalog,false,false,false,true,exact,false,3,settings/catalog/execution.ts
settings/catalog/grill.ts,settings/catalog,false,false,false,true,exact,false,4,settings/catalog/grill.ts
settings/catalog/hitl.ts,settings/catalog,false,false,false,true,exact,false,6,settings/catalog/hitl.ts
settings/catalog/index.ts,settings/catalog,false,false,false,true,exact,false,2,settings/catalog/index.ts
settings/catalog/llm.ts,settings/catalog,false,false,false,true,exact,false,9,settings/catalog/llm.ts
settings/catalog/memory.ts,settings/catalog,false,false,false,true,exact,false,0,settings/catalog/memory.ts
settings/catalog/plan.ts,settings/catalog,false,false,false,true,exact,false,8,settings/catalog/plan.ts
settings/catalog/tdd.ts,settings/catalog,false,false,false,true,exact,false,1,settings/catalog/tdd.ts
settings/catalog/types.ts,settings/catalog,false,false,false,true,exact,false,0,settings/catalog/types.ts
settings/getStagentConfiguration.ts,settings,false,false,false,true,exact,true,0,settings/getStagentConfiguration.ts
settings/readers/afk.ts,settings/readers,false,false,false,true,exact,true,2,settings/readers/afk.ts
settings/readers/charter.ts,settings/readers,false,false,false,true,exact,true,4,settings/readers/charter.ts
settings/readers/contract.ts,settings/readers,false,false,false,true,exact,true,12,settings/readers/contract.ts
settings/readers/core.ts,settings/readers,false,false,false,true,exact,true,4,settings/readers/core.ts
settings/readers/dag.ts,settings/readers,false,false,false,true,exact,true,8,settings/readers/dag.ts
settings/readers/exec.ts,settings/readers,false,false,false,true,exact,true,11,settings/readers/exec.ts
settings/readers/friendly.ts,settings/readers,false,false,false,true,exact,true,1,settings/readers/friendly.ts
settings/readers/gates.ts,settings/readers,false,false,false,true,exact,true,2,settings/readers/gates.ts
settings/readers/hitl.ts,settings/readers,false,false,false,true,exact,true,6,settings/readers/hitl.ts
settings/readers/llm.ts,settings/readers,false,false,false,true,exact,true,9,settings/readers/llm.ts
settings/readers/memory.ts,settings/readers,false,false,false,true,exact,true,0,settings/readers/memory.ts
settings/readers/readConfigHelpers.ts,settings/readers,false,false,false,true,exact,true,0,settings/readers/readConfigHelpers.ts
settings/readers/verification.ts,settings/readers,false,false,false,true,exact,true,4,settings/readers/verification.ts
settings/validators/execValidators.ts,settings/validators,false,false,false,true,exact,true,0,settings/validators/execValidators.ts
settings/validators/formatReport.ts,settings/validators,false,false,false,true,exact,false,0,settings/validators/formatReport.ts
settings/validators/gatesOrchestrator.ts,settings/validators,false,false,false,true,exact,true,0,settings/validators/gatesOrchestrator.ts
settings/validators/gatesValidators.ts,settings/validators,false,false,false,true,exact,true,0,settings/validators/gatesValidators.ts
settings/validators/llmValidators.ts,settings/validators,false,false,false,true,exact,true,0,settings/validators/llmValidators.ts
settings/validators/mergeValidationIssues.ts,settings/validators,false,false,false,true,exact,false,0,settings/validators/mergeValidationIssues.ts
settings/validators/profileValidators.ts,settings/validators,false,false,false,true,exact,true,0,settings/validators/profileValidators.ts
settings/validators/types.ts,settings/validators,false,false,false,true,exact,false,0,settings/validators/types.ts
shared/WebviewMessages.ts,shared,false,false,false,true,exact,false,0,shared/WebviewMessages.ts
stage-runners/LlmTextInvokeStep.ts,stage-runners,false,false,false,true,exact,false,0,stage-runners/LlmTextInvokeStep.ts
stage-runners/LlmTextPersistStep.ts,stage-runners,false,false,false,true,exact,false,0,stage-runners/LlmTextPersistStep.ts
stage-runners/LlmTextScoreStep.ts,stage-runners,false,false,false,true,exact,false,0,stage-runners/LlmTextScoreStep.ts
stage-runners/LlmTextStageRunner.ts,stage-runners,false,false,false,true,exact,false,0,stage-runners/LlmTextStageRunner.ts
stage-runners/StageControlSignals.ts,stage-runners,false,false,false,true,exact,false,0,stage-runners/StageControlSignals.ts
stage-runners/StageErrorHandler.ts,stage-runners,false,false,false,true,exact,false,0,stage-runners/StageErrorHandler.ts
stage-runners/StagePostRunPipeline.ts,stage-runners,false,false,false,true,exact,false,0,stage-runners/StagePostRunPipeline.ts
stage-runners/StagePrelude.ts,stage-runners,false,false,false,true,exact,false,0,stage-runners/StagePrelude.ts
stage-runners/StageStepContext.ts,stage-runners,false,false,false,true,exact,false,0,stage-runners/StageStepContext.ts
stage-runners/executeStageStep.ts,stage-runners,false,false,false,true,exact,false,0,stage-runners/executeStageStep.ts
stage-runners/llm-persist/index.ts,stage-runners/llm-persist,false,false,false,true,exact,false,2,stage-runners/llm-persist/index.ts
stage-runners/llm-persist/testWriteImportPromptSuffix.ts,stage-runners/llm-persist,false,false,false,true,exact,false,0,stage-runners/llm-persist/testWriteImportPromptSuffix.ts
stage-runners/llm-persist/writeOutput.ts,stage-runners/llm-persist,false,false,false,true,exact,false,0,stage-runners/llm-persist/writeOutput.ts
stage-runners/llm-persist/writeOutputIntegrity.ts,stage-runners/llm-persist,false,false,false,true,exact,false,0,stage-runners/llm-persist/writeOutputIntegrity.ts
stage-runners/llm-persist/writeOutputIntegrityAssess.ts,stage-runners/llm-persist,false,false,false,true,exact,false,0,stage-runners/llm-persist/writeOutputIntegrityAssess.ts
stage-runners/llm-persist/writeOutputPromptSuffix.ts,stage-runners/llm-persist,false,false,false,true,exact,false,0,stage-runners/llm-persist/writeOutputPromptSuffix.ts
stage-runners/post-run/HitlPauseEvaluator.ts,stage-runners/post-run,false,false,false,true,exact,false,0,stage-runners/post-run/HitlPauseEvaluator.ts
stage-runners/post-run/StageStatusNotifier.ts,stage-runners/post-run,false,false,false,true,exact,false,0,stage-runners/post-run/StageStatusNotifier.ts
stage-runners/post-run/finalizeStageAfterToolRun.ts,stage-runners/post-run,false,false,false,true,exact,false,0,stage-runners/post-run/finalizeStageAfterToolRun.ts
stage-runners/post-run/logStageEndMeta.ts,stage-runners/post-run,false,false,false,true,exact,false,0,stage-runners/post-run/logStageEndMeta.ts
stage-runners/post-run/notifyStageStatus.ts,stage-runners/post-run,false,false,false,true,exact,false,0,stage-runners/post-run/notifyStageStatus.ts
stage-runners/prelude/markStageRunning.ts,stage-runners/prelude,false,false,false,true,exact,false,0,stage-runners/prelude/markStageRunning.ts
stage-runners/prelude/runStagePrelude.ts,stage-runners/prelude,false,false,false,true,exact,false,0,stage-runners/prelude/runStagePrelude.ts
stage-runners/stage-errors/buildStageErrorPayload.ts,stage-runners/stage-errors,false,false,false,true,exact,false,0,stage-runners/stage-errors/buildStageErrorPayload.ts
stage-runners/stage-errors/handleStageExecutionError.ts,stage-runners/stage-errors,false,false,false,true,exact,false,0,stage-runners/stage-errors/handleStageExecutionError.ts
start/index.ts,start,false,false,false,true,exact,true,2,start/index.ts
start/types.ts,start,false,false,false,true,exact,true,0,start/types.ts
start/writeProcessDocs.ts,start,false,false,false,true,exact,false,0,start/writeProcessDocs.ts
structural-repair/StructuralRepairRuleRegistry.ts,structural-repair,false,false,false,true,exact,false,0,structural-repair/StructuralRepairRuleRegistry.ts
structural-repair/applyStructuralRepairs.ts,structural-repair,false,false,false,true,exact,false,0,structural-repair/applyStructuralRepairs.ts
structural-repair/buildRepairStage.ts,structural-repair,false,false,false,true,exact,false,0,structural-repair/buildRepairStage.ts
structural-repair/helpers.ts,structural-repair,false,false,false,true,exact,false,4,structural-repair/helpers.ts
structural-repair/index.ts,structural-repair,false,false,false,true,exact,false,2,structural-repair/index.ts
structural-repair/pythonWorkflowRepair.ts,structural-repair,false,false,false,true,exact,false,0,structural-repair/pythonWorkflowRepair.ts
structural-repair/rules/jest-babel-config.ts,structural-repair/rules,false,false,false,true,exact,false,0,structural-repair/rules/jest-babel-config.ts
structural-repair/rules/python-infra-chain.ts,structural-repair/rules,false,false,false,true,exact,false,0,structural-repair/rules/python-infra-chain.ts
structural-repair/rules/self-heal-chain.ts,structural-repair/rules,false,false,false,true,exact,false,0,structural-repair/rules/self-heal-chain.ts
structural-repair/rules/test-infrastructure.ts,structural-repair/rules,false,false,false,true,exact,false,0,structural-repair/rules/test-infrastructure.ts
structural-repair/rules/verification-stage.ts,structural-repair/rules,false,false,false,true,exact,false,0,structural-repair/rules/verification-stage.ts
structural-repair/types.ts,structural-repair,false,false,false,true,exact,false,0,structural-repair/types.ts
test-infra/artifacts.ts,test-infra,false,false,false,true,exact,false,1,test-infra/artifacts.ts
test-infra/basename.ts,test-infra,false,false,false,true,exact,false,0,test-infra/basename.ts
test-infra/constants.ts,test-infra,false,false,false,true,exact,false,0,test-infra/constants.ts
test-infra/detectTestInfraArtifacts.ts,test-infra,false,false,false,true,exact,false,0,test-infra/detectTestInfraArtifacts.ts
test-infra/diskScan.ts,test-infra,false,false,false,true,exact,false,0,test-infra/diskScan.ts
test-infra/expoSignals.ts,test-infra,false,false,false,true,exact,false,0,test-infra/expoSignals.ts
test-infra/missingInfraIssue.ts,test-infra,false,false,false,true,exact,false,0,test-infra/missingInfraIssue.ts
test-infra/missingPythonInfraIssue.ts,test-infra,false,false,false,true,exact,false,0,test-infra/missingPythonInfraIssue.ts
test-infra/pytestAsyncioScan.ts,test-infra,false,false,false,true,exact,false,0,test-infra/pytestAsyncioScan.ts
test-infra/pythonDiskScan.ts,test-infra,false,false,false,true,exact,false,0,test-infra/pythonDiskScan.ts
test-run-playbook/classify.ts,test-run-playbook,false,false,false,true,exact,false,0,test-run-playbook/classify.ts
test-run-playbook/rules-bundled.ts,test-run-playbook,false,false,false,true,exact,false,0,test-run-playbook/rules-bundled.ts
test-run-playbook/rules-import.ts,test-run-playbook,false,false,false,true,exact,false,0,test-run-playbook/rules-import.ts
test-run-playbook/rules-test.ts,test-run-playbook,false,false,false,true,exact,false,0,test-run-playbook/rules-test.ts
test-run-playbook/rules.ts,test-run-playbook,false,false,false,true,exact,false,0,test-run-playbook/rules.ts
test-run-playbook/types.ts,test-run-playbook,false,false,false,true,exact,false,0,test-run-playbook/types.ts
uniappPackagePins.ts,(root),false,false,false,true,exact,false,0,uniappPackagePins.ts
validation/DecisionStageValidator.ts,validation,false,false,false,true,exact,false,0,validation/DecisionStageValidator.ts
validation/DependsOnValidator.ts,validation,false,false,false,true,exact,false,0,validation/DependsOnValidator.ts
validation/ToolConfigValidator.ts,validation,false,false,false,true,exact,false,0,validation/ToolConfigValidator.ts
validation/tool-config/codeRunner.ts,validation/tool-config,false,false,false,true,exact,false,0,validation/tool-config/codeRunner.ts
validation/tool-config/common.ts,validation/tool-config,false,false,false,true,exact,false,0,validation/tool-config/common.ts
validation/tool-config/fileIo.ts,validation/tool-config,false,false,false,true,exact,false,0,validation/tool-config/fileIo.ts
validation/tool-config/index.ts,validation/tool-config,false,false,false,true,exact,false,2,validation/tool-config/index.ts
workflow-self-heal/SelfHealStageFactory.ts,workflow-self-heal,false,false,false,true,exact,false,0,workflow-self-heal/SelfHealStageFactory.ts
workflow-self-heal/injectSelfHealStages.ts,workflow-self-heal,false,false,false,true,exact,false,0,workflow-self-heal/injectSelfHealStages.ts
workflow-self-heal/pythonVenvChain.ts,workflow-self-heal,false,false,false,true,exact,false,0,workflow-self-heal/pythonVenvChain.ts
workflow-templates/uniapp-minimal-template.ts,workflow-templates,false,false,false,true,exact,false,0,workflow-templates/uniapp-minimal-template.ts
workflow-templates/web-minimal-template.ts,workflow-templates,false,false,false,true,exact,false,0,workflow-templates/web-minimal-template.ts
workflow-types/MessageTypes.ts,workflow-types,false,false,false,true,exact,false,0,workflow-types/MessageTypes.ts
workflow-types/RuntimeTypes.ts,workflow-types,false,false,false,true,exact,false,0,workflow-types/RuntimeTypes.ts
workflow-types/StageTypes.ts,workflow-types,false,false,false,true,exact,false,0,workflow-types/StageTypes.ts
workflow-types/WorkflowMetaTypes.ts,workflow-types,false,false,false,true,exact,false,0,workflow-types/WorkflowMetaTypes.ts
workflow-types/index.ts,workflow-types,false,false,false,true,exact,false,2,workflow-types/index.ts
workflow/CodeRunnerCommandSemantics.ts,workflow,false,false,false,true,exact,false,0,workflow/CodeRunnerCommandSemantics.ts
workflow/ComplexityEstimatorConstants.ts,workflow,false,false,false,true,exact,false,0,workflow/ComplexityEstimatorConstants.ts
workflow/DecisionContentLimits.ts,workflow,false,false,false,true,exact,false,0,workflow/DecisionContentLimits.ts
workflow/DecisionStageShape.ts,workflow,false,false,false,true,exact,false,0,workflow/DecisionStageShape.ts
workflow/EntryScriptHeuristics.ts,workflow,false,false,false,true,exact,false,0,workflow/EntryScriptHeuristics.ts
workflow/FrontendMessageTypes.ts,workflow,false,false,false,true,exact,false,0,workflow/FrontendMessageTypes.ts
workflow/GlobalArchitectureThresholds.ts,workflow,false,false,false,true,exact,false,0,workflow/GlobalArchitectureThresholds.ts
workflow/MultiModuleUserInputHints.ts,workflow,false,false,false,true,exact,false,0,workflow/MultiModuleUserInputHints.ts
workflow/OutputLengthThresholds.ts,workflow,false,false,false,true,exact,false,0,workflow/OutputLengthThresholds.ts
workflow/ScorerPenaltyCaps.ts,workflow,false,false,false,true,exact,false,0,workflow/ScorerPenaltyCaps.ts
workflow/SidebarMessageTypes.ts,workflow,false,false,false,true,exact,false,0,workflow/SidebarMessageTypes.ts
workflow/StageIdPatterns.ts,workflow,false,false,false,true,exact,false,0,workflow/StageIdPatterns.ts
workflow/StageInputSources.ts,workflow,false,false,false,true,exact,false,0,workflow/StageInputSources.ts
workflow/StageKindCounts.ts,workflow,false,false,false,true,exact,false,0,workflow/StageKindCounts.ts
workflow/StageToolConfigAccess.ts,workflow,false,false,false,true,exact,false,0,workflow/StageToolConfigAccess.ts
workflow/StageToolKinds.ts,workflow,false,false,false,true,exact,false,0,workflow/StageToolKinds.ts
workflow/TaskType.ts,workflow,false,false,false,true,exact,false,0,workflow/TaskType.ts
workflow/WorkflowLevelIds.ts,workflow,false,false,false,true,exact,false,0,workflow/WorkflowLevelIds.ts
workflow/WorkflowLimits.ts,workflow,false,false,false,true,exact,false,0,workflow/WorkflowLimits.ts
workflow/WorkflowStageBudget.ts,workflow,false,false,false,true,exact,false,0,workflow/WorkflowStageBudget.ts
workflow/globalArchitecturePolicy.ts,workflow,false,false,false,true,exact,false,0,workflow/globalArchitecturePolicy.ts
workflow/resolveReadablePath.ts,workflow,false,false,false,true,exact,false,0,workflow/resolveReadablePath.ts
workflow/stageArtifactPaths.ts,workflow,false,false,false,true,exact,false,0,workflow/stageArtifactPaths.ts
workflow/stageClassification.ts,workflow,false,false,false,true,exact,false,0,workflow/stageClassification.ts
workspace/WorkspaceRootFilenames.ts,workspace,false,false,false,true,exact,false,0,workspace/WorkspaceRootFilenames.ts
workspace/WorkspaceSkipDirs.ts,workspace,false,false,false,true,exact,false,0,workspace/WorkspaceSkipDirs.ts
workspace/listSourceFiles.ts,workspace,false,false,false,true,exact,false,0,workspace/listSourceFiles.ts